checksum1,checksum2,join_count,join_threads,join_time,max_key,nr,ns,partition_threads,partition_time,time_sec
6527977861074527739,886943583387113348,546,1,0.000009,64,200,180,4,0.000177,0.000186
6527977861074527739,886943583387113348,546,1,0.000012,64,200,180,1,0.000074,0.000087
6527977861074527739,886943583387113348,546,1,0.000009,64,200,180,4,0.000361,0.000370
