checksum1,checksum2,join_count,join_threads,join_throughput,join_time,max_key,nr,ns,partition_threads,partition_throughput,partition_time,time_sec,total_throughput
15384239832666499847,2938791386226452392,38147013639,4,409844789.956868,0.243995,65536,50000000,50000000,4,108501740.735859,0.921644,1.168230,85599617.967451
15384239832666499847,2938791386226452392,38147013639,8,663947486.415114,0.150614,65536,50000000,50000000,4,106312223.223487,0.940626,1.093742,91429244.065854
15384239832666499847,2938791386226452392,38147013639,16,725754226.432771,0.137788,65536,50000000,50000000,4,108604215.059843,0.920775,1.061132,94239025.628092
15384239832666499847,2938791386226452392,38147013639,32,873212828.964040,0.114520,65536,50000000,50000000,4,108668423.321762,0.920231,1.037812,96356580.576302
15384239832666499847,2938791386226452392,38147013639,64,915508892.445017,0.109229,65536,50000000,50000000,4,109019941.771952,0.917263,1.029758,97110219.168097
15384239832666499847,2938791386226452392,38147013639,4,408427739.596282,0.244841,65536,50000000,50000000,8,167345554.345585,0.597566,0.844981,118345788.493486
