checksum1,checksum2,join_count,join_threads,join_throughput,join_time,max_key,nr,ns,partition_threads,partition_throughput,partition_time,time_sec
16178780764414249519,11962576331923893725,381484227,1,52242762.705712,0.382828,262144,10000000,10000000,1,39217724.064060,0.509973,0.893396
6145254653632685119,1382805155497999100,95375885,1,38945014.168549,0.513545,1048576,10000000,10000000,1,39157798.988109,0.510754,1.025159
