checksum1,checksum2,join_count,join_threads,join_time,max_key,nr,ns,partition_threads,partition_time,time_sec
3120620188374471864,4973595021879194218,1525849754,1,0.000000,65536,10000000,10000000,1,0.269430,0.522978
16178780764414249519,11962576331923893725,381484227,1,0.000000,262144,10000000,10000000,1,0.268601,0.585473
