checksum1,checksum2,join_count,join_threads,join_throughput,join_time,max_key,nr,ns,partition_threads,partition_throughput,partition_time,time_sec
16178780764414249519,11962576331923893725,381484227,4,191973702.790513,0.104181,262144,10000000,10000000,4,111006788.529046,0.180169,0.284972
16178780764414249519,11962576331923893725,381484227,8,377857167.038175,0.052930,262144,10000000,10000000,4,111372659.105210,0.179577,0.233047
