checksum1,checksum2,join_count,join_threads,join_throughput,join_time,max_key,nr,ns,partition_threads,partition_throughput,partition_time,time_sec,total_throughput
15384239832666499847,2938791386226452392,38147013639,1,57817575.933834,1.729578,65536,50000000,50000000,1,51080160.258933,1.957707,3.689640,27102912.449681
17761779669907186848,18245323966585418328,9536796192,1,57247160.439248,1.746812,262144,50000000,50000000,1,51176443.948105,1.954024,3.702947,27005515.581600
